epoch,acc,loss,val_acc,val_loss
0,0.9021875,0.34048090397318204,0.91325,0.29917860946059227
1,0.9132708333333334,0.30587152240176996,0.9240833333333334,0.26940186534821986
2,0.9225625,0.27473940519367657,0.9316666666666666,0.24356237140794595
3,0.9300208333333333,0.2459594993442297,0.9354166666666667,0.2257116290430228
4,0.9376041666666667,0.22143487880130608,0.9418333333333333,0.20419627214968206
5,0.9428125,0.20035239793732762,0.9458333333333333,0.18888315792381763
6,0.9475,0.18257616005589564,0.9523333333333334,0.17295079433421293
7,0.9527916666666667,0.16745917845144867,0.9544166666666667,0.16151878118266663
